episode,background,family,magnitude,onset,duration,probe_hits_steps,first_probe_hits,fine_hits_steps,first_fine_hits,affected_probe_winners_steps,first_affected_probe_winners,affected_top_group_steps,first_affected_top_group,affected_active_steps,first_affected_active,trigger_steps,first_trigger,ranking_changed_steps,first_ranking_changed,trigger_changed_steps,first_trigger_changed,action_changed_steps,first_action_changed,read_identity_changed_steps,first_read_identity_changed,first_exposed_value_difference,max_exposed_value_difference,first_exposed_probe_difference,max_exposed_probe_difference,first_innovation_difference,max_innovation_difference,first_score_difference,max_score_difference,first_assimilation_value_difference,max_assimilation_value_difference,max_affected_probe_z,max_score,score_reproduction_max,budget_block_steps,requested,read,assimilated
b00_none_0.0,0,none,0.0,9,0,0,,0,,0,,0,,0,,0,,0,,0,,0,,0,,,0.0,,0.0,,0.0,,0.0,,0.0,0.0,0.0,3.552713678800501e-15,0,10032,9965,9965
b00_cancel_approx_1.0,0,cancel_approx,1.0,7,24,11,8.0,22,7.0,6,8.0,2,22.0,0,,0,,11,13.0,0,,0,,0,,7.0,0.34554113808872555,8.0,0.21414498715688435,8.0,0.9748481985401117,8.0,0.6581376126593383,7.0,0.34554113808872555,2.381024772917539,10.041774545763616,6.217248937900877e-15,0,10032,9965,9965
b00_cancel_approx_3.0,0,cancel_approx,3.0,7,24,11,8.0,22,7.0,7,8.0,2,22.0,0,,0,,18,13.0,0,,0,,0,,7.0,0.807040023803711,8.0,0.6424349614706529,8.0,2.727322252441816,8.0,1.1800495067747465,7.0,0.807040023803711,2.856143363892354,10.031842707551387,5.329070518200751e-15,0,10032,9965,9965
b00_cancel_exact_1.0,0,cancel_exact,1.0,11,24,9,11.0,24,11.0,6,11.0,2,22.0,0,,0,,0,,0,,0,,0,,11.0,0.23947264997636464,11.0,0.1611389473299416,11.0,0.99237424861054,30.0,0.0916799105718602,11.0,0.23947264997636464,2.3044556282629727,10.053724908750342,7.105427357601002e-15,0,10032,9965,9965
b00_cancel_exact_3.0,0,cancel_exact,3.0,11,24,9,11.0,24,11.0,7,11.0,2,22.0,0,,0,,22,11.0,0,,0,,0,,11.0,0.509600043296814,11.0,0.4026762193633866,11.0,2.9612010905434882,11.0,1.5698292801635125,11.0,0.509600043296814,3.4410965522121333,10.053724908750347,4.884981308350689e-15,0,10032,9965,9965
b00_delayed_1.0,0,delayed,1.0,10,24,10,12.0,23,10.0,4,13.0,6,27.0,0,,0,,3,15.0,0,,0,,0,,10.0,0.15610377985220347,12.0,0.15610377985220347,12.0,0.8480568405376585,12.0,0.5791052303396862,10.0,0.15610377985220347,6.527519290076208,10.083323055704732,7.549516567451064e-15,0,10032,9965,9965
b00_delayed_3.0,0,delayed,3.0,10,24,10,12.0,23,10.0,4,13.0,6,27.0,0,,0,,18,13.0,0,,0,,0,,10.0,0.34256977734374994,12.0,0.34256977734374994,12.0,1.8672585709037455,12.0,1.1254983649083532,10.0,0.34256977734374994,6.553394917952136,10.105135466470385,8.881784197001252e-15,0,10032,9965,9965
b00_localized_1.0,0,localized,1.0,10,20,5,11.0,15,10.0,4,11.0,0,,0,,0,,10,12.0,0,,0,,0,,10.0,0.3771667312886311,11.0,0.28352817830750565,11.0,0.9621715933702928,11.0,1.6283603918754286,10.0,0.3771667312886311,3.8574117167616833,9.839181311333588,7.105427357601002e-15,0,10032,9965,9965
b00_localized_3.0,0,localized,3.0,10,20,5,11.0,15,10.0,5,11.0,4,14.0,0,,0,,19,11.0,0,,0,,0,,10.0,1.131500193865893,11.0,0.8505845349225167,11.0,2.79040166303895,11.0,4.885081175626288,10.0,1.131500193865893,5.625918280225104,9.45551824667702,5.329070518200751e-15,0,10032,9965,9965
b00_ramp_1.0,0,ramp,1.0,11,24,9,13.0,21,12.0,4,18.0,0,,0,,0,,11,17.0,0,,0,,0,,12.0,0.2033483381995585,13.0,0.1588186558259479,13.0,0.5853575048392213,13.0,0.12254153889179453,12.0,0.2033483381995585,1.5446837311521964,9.936231244268692,8.43769498715119e-15,0,10032,9965,9965
b00_ramp_3.0,0,ramp,3.0,11,24,9,13.0,21,12.0,6,18.0,0,,0,,0,,16,17.0,0,,0,,0,,12.0,0.6100450145986756,13.0,0.4764559674778437,13.0,1.6538506143024674,13.0,0.36762461667536245,12.0,0.6100450145986756,1.9367592431285174,9.711586025635992,1.2434497875801753e-14,0,10032,9965,9965
b00_regional_1.0,0,regional,1.0,8,20,20,8.0,20,8.0,20,8.0,20,8.0,0,,0,,20,8.0,0,,0,,0,,8.0,0.13802946327247098,8.0,0.12561691523506902,8.0,0.6097122150869695,8.0,0.265992468825087,8.0,0.13802946327247098,11.177036795723055,9.930132761979477,7.105427357601002e-15,0,10032,9965,9965
b00_regional_3.0,0,regional,3.0,8,20,20,8.0,20,8.0,20,8.0,20,8.0,0,,0,,20,8.0,0,,0,,0,,8.0,0.41408838981741297,8.0,0.37685074570520705,8.0,1.8291366452608644,8.0,0.7981252909604457,8.0,0.41408838981741297,10.840475770458461,9.743219601589812,1.0658141036401503e-14,0,10032,9965,9965
b00_sensor_fault_3.0,0,sensor_fault,3.0,8,12,2,10.0,11,8.0,2,10.0,0,,0,,0,,10,10.0,0,,0,,0,,8.0,1.2733455967612763,10.0,0.34927507390505375,9.0,2.6648165970815847,9.0,0.9098700573184992,8.0,1.2733455967612763,2.782712134077099,5.2605489791042235,9.325873406851315e-15,0,10032,9965,9965
b01_none_0.0,1,none,0.0,9,0,0,,0,,0,,0,,0,,0,,0,,0,,0,,0,,,0.0,,0.0,,0.0,,0.0,,0.0,0.0,0.0,8.881784197001252e-15,0,10032,9950,9950
b01_cancel_approx_1.0,1,cancel_approx,1.0,9,24,9,10.0,22,9.0,6,10.0,0,,0,,0,,8,21.0,0,,0,,0,,9.0,0.2109978245023153,10.0,0.11058604027442176,10.0,0.9784598280766899,10.0,0.7489717070306634,9.0,0.2109978245023153,2.7489717070306634,10.334992245161004,9.769962616701378e-15,0,10032,9950,9950
b01_cancel_approx_3.0,1,cancel_approx,3.0,9,24,9,10.0,22,9.0,7,10.0,5,25.0,0,,0,,10,21.0,0,,0,,0,,9.0,0.6329934735069458,10.0,0.18880000710487366,10.0,2.9452054830293415,10.0,2.715717361983315,9.0,0.6329934735069458,4.715717361983315,10.34086538111192,7.105427357601002e-15,0,10032,9950,9950
b01_cancel_exact_1.0,1,cancel_exact,1.0,10,24,8,12.0,24,10.0,5,12.0,0,,0,,0,,0,,0,,0,,0,,10.0,0.2561627820549437,12.0,0.1632000058889389,12.0,0.9835888179839802,,3.552713678800501e-15,10.0,0.2561627820549437,1.8360162553266244,10.323594889888003,8.881784197001252e-15,0,10032,9950,9950
b01_cancel_exact_3.0,1,cancel_exact,3.0,10,24,8,12.0,24,10.0,6,12.0,0,,0,,0,,14,19.0,0,,0,,0,,10.0,0.7297084467080968,12.0,0.1632000058889389,12.0,2.8774783882204913,19.0,1.7299058255631357,10.0,0.7297084467080968,3.7299058255631357,10.323594889888003,7.993605777301127e-15,0,10032,9950,9950
b01_delayed_1.0,1,delayed,1.0,11,24,13,11.0,22,11.0,5,14.0,2,11.0,0,,0,,2,21.0,0,,0,,0,,11.0,0.12094695984374998,11.0,0.12094695984374998,11.0,0.7056467038990488,13.0,0.12730683758299532,11.0,0.12094695984374998,3.050875048946155,10.355761005671955,7.105427357601002e-15,0,10032,9950,9950
b01_delayed_3.0,1,delayed,3.0,11,24,13,11.0,22,11.0,5,14.0,2,11.0,0,,0,,3,21.0,0,,0,,0,,11.0,0.17867167424003172,11.0,0.17867167424003172,11.0,1.1631812636332979,13.0,0.1225117830956024,11.0,0.17867167424003172,3.0505447202347544,10.364984974925811,6.217248937900877e-15,0,10032,9950,9950
b01_localized_1.0,1,localized,1.0,9,12,0,,9,9.0,0,,0,,0,,0,,0,,0,,0,,0,,9.0,0.36640000343322754,,0.0,10.0,0.20325870496581788,10.0,0.06704430482487833,9.0,0.36640000343322754,0.0,5.686667750733885,7.993605777301127e-15,0,10032,9950,9950
b01_localized_3.0,1,localized,3.0,9,12,0,,9,9.0,0,,0,,0,,0,,0,,0,,0,,0,,9.0,0.5688000321388245,,0.0,10.0,0.2785575490982245,10.0,0.12466636260631514,9.0,0.5688000321388245,0.0,5.684470351632864,9.769962616701378e-15,0,10032,9950,9950
b01_ramp_1.0,1,ramp,1.0,8,24,6,9.0,20,9.0,4,9.0,0,,0,,0,,21,9.0,0,,0,,0,,9.0,0.41885579480102986,9.0,0.1305177382967412,9.0,0.8440823225154366,9.0,0.28092871111666695,9.0,0.41885579480102986,2.369848103285214,10.316123596809314,6.217248937900877e-15,0,10032,9950,9950
b01_ramp_3.0,1,ramp,3.0,8,24,6,9.0,20,9.0,6,9.0,4,27.0,0,,0,,23,9.0,0,,0,,0,,9.0,1.2565673844030896,9.0,0.39155321489022366,9.0,2.5322469675463095,9.0,2.084846815028274,9.0,1.2565673844030896,4.0539956246396995,10.301181010651936,9.769962616701378e-15,0,10032,9950,9950
b01_regional_1.0,1,regional,1.0,11,12,12,11.0,12,11.0,12,11.0,12,11.0,0,,0,,7,16.0,0,,0,,0,,11.0,0.12561691523506902,11.0,0.12561691523506902,11.0,0.6028621096799374,11.0,0.31833377334882396,11.0,0.12561691523506902,12.26992864979464,10.403760476005724,9.769962616701378e-15,0,10032,9950,9950
b01_regional_3.0,1,regional,3.0,11,12,12,11.0,12,11.0,12,11.0,12,11.0,0,,0,,9,14.0,0,,0,,0,,11.0,0.37685074570520705,11.0,0.37685074570520705,11.0,1.8085863290398054,11.0,0.987053557323678,11.0,0.37685074570520705,12.48718377377251,10.691639085567575,1.199040866595169e-14,0,10032,9950,9950
b01_sensor_fault_3.0,1,sensor_fault,3.0,9,12,3,11.0,11,9.0,3,11.0,0,,0,,0,,10,11.0,0,,0,,0,,9.0,0.7951506090166681,11.0,0.23585473023054881,10.0,2.6663737934766507,10.0,1.149959680819668,9.0,0.7951506090166681,2.695883083136656,5.657875584092363,6.217248937900877e-15,0,10032,9950,9950
b02_none_0.0,2,none,0.0,9,0,0,,0,,0,,0,,0,,0,,0,,0,,0,,0,,,0.0,,0.0,,0.0,,0.0,,0.0,0.0,0.0,3.552713678800501e-15,0,10032,9919,9919
b02_cancel_approx_1.0,2,cancel_approx,1.0,11,24,7,12.0,23,11.0,3,12.0,0,,0,,0,,5,30.0,0,,0,,0,,11.0,0.2315366760357761,12.0,0.1560167369485245,12.0,0.8892195072064062,12.0,0.029990325385919725,11.0,0.2315366760357761,1.2114199510778394,11.225340666674045,7.105427357601002e-15,0,10032,9919,9919
b02_cancel_approx_3.0,2,cancel_approx,3.0,11,24,7,12.0,23,11.0,3,12.0,0,,0,,0,,10,19.0,0,,0,,0,,11.0,0.35359999537467957,12.0,0.24384000301361086,12.0,1.0947375601812748,12.0,0.054608707926744104,11.0,0.35359999537467957,1.600027808279726,11.215722776864915,8.881784197001252e-15,0,10032,9919,9919
b02_cancel_exact_1.0,2,cancel_exact,1.0,8,24,9,9.0,21,8.0,7,9.0,0,,0,,0,,6,16.0,0,,0,,0,,8.0,0.20799998939037323,9.0,0.19285221151965382,9.0,0.983646977541171,16.0,0.6530276016559893,8.0,0.20799998939037323,4.067512246168405,11.23635154711308,7.105427357601002e-15,0,10032,9919,9919
b02_cancel_exact_3.0,2,cancel_exact,3.0,8,24,9,9.0,21,8.0,8,9.0,0,,0,,0,,23,9.0,0,,0,,0,,8.0,0.5785566345589613,9.0,0.5785566345589613,9.0,2.950940932623512,9.0,1.6673868913286147,8.0,0.5785566345589613,3.3909145051925296,11.236351547113081,5.329070518200751e-15,0,10032,9919,9919
b02_delayed_1.0,2,delayed,1.0,11,24,9,11.0,23,11.0,6,11.0,0,,0,,0,,7,19.0,0,,0,,0,,11.0,0.20031301863971773,11.0,0.07440000027418137,11.0,0.6063563150898367,13.0,0.04920041798010999,11.0,0.20031301863971773,1.7469514832537683,11.23538695866788,5.329070518200751e-15,0,10032,9919,9919
b02_delayed_3.0,2,delayed,3.0,11,24,9,11.0,23,11.0,5,11.0,1,13.0,0,,0,,24,11.0,0,,0,,0,,11.0,0.3157925409171775,11.0,0.14080695078504857,11.0,1.2836661984630968,11.0,0.4712848448981246,11.0,0.3157925409171775,2.4712848448981246,11.234457126998123,8.881784197001252e-15,0,10032,9919,9919
b02_localized_1.0,2,localized,1.0,7,12,2,14.0,10,7.0,0,,2,14.0,0,,0,,0,,0,,0,,0,,7.0,0.3844789332175369,14.0,0.13667402142676524,8.0,0.822181311544113,8.0,0.28877013723370837,7.0,0.3844789332175369,1.2188134837373756,10.241272036541293,5.329070518200751e-15,0,10032,9919,9919
b02_localized_3.0,2,localized,3.0,7,12,2,14.0,10,7.0,0,,2,14.0,0,,0,,8,11.0,0,,0,,0,,7.0,1.1534367996526107,14.0,0.41002206428029575,8.0,1.8012688704006523,8.0,0.8663104117011287,7.0,1.1534367996526107,2.293458279291731,9.663731762073873,1.2434497875801753e-14,0,10032,9919,9919
b02_ramp_1.0,2,ramp,1.0,8,24,3,15.0,18,9.0,0,,0,,0,,0,,9,19.0,0,,0,,0,,9.0,0.16648836895653552,15.0,0.11969586739464039,10.0,0.41899026493265545,10.0,0.16653223007982332,9.0,0.16648836895653552,0.3426010962956735,11.307868741245635,3.552713678800501e-15,0,10032,9919,9919
b02_ramp_3.0,2,ramp,3.0,8,24,3,15.0,18,9.0,0,,0,,0,,0,,11,16.0,0,,0,,0,,9.0,0.4994651068696063,15.0,0.35908760218392116,10.0,1.3238690388540393,10.0,0.4995966902394743,9.0,0.4994651068696063,1.6199347888210605,11.45090312951075,5.329070518200751e-15,0,10032,9919,9919
b02_regional_1.0,2,regional,1.0,8,20,20,8.0,20,8.0,20,8.0,20,8.0,0,,0,,18,8.0,0,,0,,0,,8.0,0.13802946327247098,8.0,0.12561691523506902,8.0,0.6018202094877423,8.0,0.3716371319131535,8.0,0.13802946327247098,12.945116214486328,11.075717948460293,8.881784197001252e-15,0,10032,9919,9919
b02_regional_3.0,2,regional,3.0,8,20,20,8.0,20,8.0,20,8.0,20,8.0,0,,0,,20,8.0,0,,0,,0,,8.0,0.41408838981741297,8.0,0.37685074570520705,8.0,1.4605705339858948,8.0,1.1350177733967435,8.0,0.41408838981741297,12.606087657004275,10.78585670043957,1.4210854715202004e-14,0,10032,9919,9919
b02_sensor_fault_3.0,2,sensor_fault,3.0,8,12,8,10.0,11,9.0,7,10.0,0,,0,,0,,10,10.0,0,,0,,0,,9.0,0.9734541602232374,10.0,0.9734541602232374,9.0,2.880403236102815,9.0,1.3781242383551637,9.0,0.9734541602232374,3.451190664903886,10.115817258169656,6.661338147750939e-15,0,10032,9919,9919
b03_none_0.0,3,none,0.0,9,0,0,,0,,0,,0,,0,,0,,0,,0,,0,,0,,,0.0,,0.0,,0.0,,0.0,,0.0,0.0,0.0,3.552713678800501e-15,0,10032,9904,9904
b03_cancel_approx_1.0,3,cancel_approx,1.0,7,24,12,7.0,23,7.0,7,7.0,0,,0,,0,,4,19.0,0,,0,,0,,7.0,0.1695999950170517,7.0,0.10396695663141761,7.0,0.7979794391693806,9.0,0.7979794391693806,7.0,0.1695999950170517,2.3745604848956394,8.51163925445416,3.552713678800501e-15,0,10032,9904,9904
b03_cancel_approx_3.0,3,cancel_approx,3.0,7,24,12,7.0,23,7.0,8,7.0,0,,0,,0,,4,19.0,0,,0,,0,,7.0,0.3119008698942528,7.0,0.24952069591540227,7.0,2.389669505054063,9.0,1.17253992406502,7.0,0.3119008698942528,1.6029054591776093,8.510483121176676,4.440892098500626e-15,0,10032,9904,9904
b03_cancel_exact_1.0,3,cancel_exact,1.0,7,24,9,7.0,23,7.0,8,7.0,2,22.0,0,,0,,3,22.0,0,,0,,0,,7.0,0.19312867066830985,7.0,0.15360000729560852,7.0,0.9877654930822252,19.0,0.3146429009724425,7.0,0.19312867066830985,5.441281415732721,8.514005684311474,3.552713678800501e-15,0,10032,9904,9904
b03_cancel_exact_3.0,3,cancel_exact,3.0,7,24,9,7.0,23,7.0,8,7.0,4,19.0,0,,0,,5,19.0,0,,0,,0,,7.0,0.39565400084502655,7.0,0.2280000001192093,7.0,1.7213085988598438,19.0,0.8927310221995848,7.0,0.39565400084502655,6.019369536959863,8.682272415702352,3.1086244689504383e-15,0,10032,9904,9904
b03_delayed_1.0,3,delayed,1.0,11,24,10,12.0,23,11.0,5,12.0,0,,0,,0,,9,19.0,0,,0,,0,,11.0,0.2548752907428058,12.0,0.053199998289346684,12.0,0.3583364916851961,14.0,0.05212318982390185,11.0,0.2548752907428058,1.1720981516765772,8.514586023468244,5.329070518200751e-15,0,10032,9904,9904
b03_delayed_3.0,3,delayed,3.0,11,24,10,12.0,23,11.0,5,12.0,0,,0,,0,,9,19.0,0,,0,,0,,11.0,0.29777381618655974,12.0,0.0834960041940212,12.0,0.642612112093474,14.0,0.0728077813700656,11.0,0.29777381618655974,1.1760740324828014,8.514816325536415,3.1086244689504383e-15,0,10032,9904,9904
b03_localized_1.0,3,localized,1.0,10,12,4,10.0,7,10.0,3,18.0,0,,0,,0,,1,21.0,0,,0,,0,,10.0,0.4863087074196941,10.0,0.23010705811721344,10.0,0.9930254557069844,11.0,0.08528682095073714,10.0,0.4863087074196941,1.4121855828113734,3.6743220900905316,4.884981308350689e-15,0,10032,9904,9904
b03_localized_3.0,3,localized,3.0,10,12,4,10.0,7,10.0,3,18.0,0,,0,,0,,5,17.0,0,,0,,0,,10.0,1.458926122259082,10.0,0.5343999862670898,10.0,0.7206088108849374,11.0,0.12377880119837359,10.0,1.458926122259082,1.3930363709349258,3.6813710807082494,8.881784197001252e-15,0,10032,9904,9904
b03_ramp_1.0,3,ramp,1.0,8,24,8,9.0,15,9.0,3,9.0,0,,0,,0,,7,23.0,0,,0,,0,,9.0,0.1939109719865807,9.0,0.1939109719865807,9.0,0.9882113338483738,10.0,0.19505025309512902,9.0,0.1939109719865807,1.8675264249565044,8.5334203621281,3.9968028886505635e-15,0,10032,9904,9904
b03_ramp_3.0,3,ramp,3.0,8,24,8,9.0,15,9.0,7,9.0,0,,0,,0,,11,20.0,0,,0,,0,,9.0,0.5817329159597422,9.0,0.5817329159597422,9.0,2.5823112849747107,10.0,2.480740229094946,9.0,0.5817329159597422,3.5446138452518188,8.572249717761355,3.552713678800501e-15,0,10032,9904,9904
b03_regional_1.0,3,regional,1.0,10,12,12,10.0,12,10.0,12,10.0,12,10.0,0,,0,,12,10.0,0,,0,,0,,10.0,0.12561691523506902,10.0,0.12561691523506902,10.0,0.587661160771232,10.0,0.27871176495466443,10.0,0.12561691523506902,5.751524523799564,3.7515245237995636,3.552713678800501e-15,0,10032,9904,9904
b03_regional_3.0,3,regional,3.0,10,12,12,10.0,12,10.0,12,10.0,12,10.0,0,,0,,12,10.0,0,,0,,0,,10.0,0.37685074570520705,10.0,0.37685074570520705,10.0,1.382499841544612,10.0,1.1637388880611002,10.0,0.37685074570520705,5.938652980437031,3.9854756221282415,3.9968028886505635e-15,0,10032,9904,9904
b03_sensor_fault_3.0,3,sensor_fault,3.0,8,12,3,11.0,9,9.0,3,11.0,2,17.0,0,,0,,10,10.0,0,,0,,0,,9.0,1.0325954522938003,11.0,0.6874732955283349,9.0,2.820312118657098,9.0,4.243377519562435,9.0,1.0325954522938003,5.312440588140169,5.444405767392833,3.9968028886505635e-15,0,10032,9904,9904
b04_none_0.0,4,none,0.0,9,0,0,,0,,0,,0,,0,,0,,0,,0,,0,,0,,,0.0,,0.0,,0.0,,0.0,,0.0,0.0,0.0,3.552713678800501e-15,0,10032,9868,9868
b04_cancel_approx_1.0,4,cancel_approx,1.0,10,24,11,10.0,24,10.0,8,10.0,0,,0,,0,,2,15.0,0,,0,,0,,10.0,0.19367434877573564,10.0,0.15116494462450764,10.0,0.8266899434682994,11.0,0.21207297535719505,10.0,0.19367434877573564,2.3300042693403538,11.52009228229348,1.7763568394002505e-15,0,10032,9868,9868
b04_cancel_approx_3.0,4,cancel_approx,3.0,10,24,11,10.0,24,10.0,7,14.0,2,29.0,0,,0,,8,15.0,0,,0,,0,,10.0,0.5591999888420105,10.0,0.4266084291895065,10.0,2.7862243808342786,11.0,0.643208629343393,10.0,0.5591999888420105,2.8622695683964228,11.519538760595642,2.6645352591003757e-15,0,10032,9868,9868
b04_cancel_exact_1.0,4,cancel_exact,1.0,9,24,12,9.0,21,9.0,5,12.0,0,,0,,0,,21,12.0,0,,0,,0,,9.0,0.2549089704535418,9.0,0.10160000622272491,9.0,0.9836578198186342,12.0,1.1543952457388658,9.0,0.2549089704535418,3.5894522894136105,11.52061412871651,5.329070518200751e-15,0,10032,9868,9868
b04_cancel_exact_3.0,4,cancel_exact,3.0,9,24,12,9.0,21,9.0,9,9.0,0,,0,,0,,21,12.0,0,,0,,0,,9.0,0.4955257934251403,9.0,0.19920000433921814,9.0,2.847104334468909,12.0,3.3172175944322335,9.0,0.4955257934251403,5.487521845726216,11.52061412871651,3.552713678800501e-15,0,10032,9868,9868
b04_delayed_1.0,4,delayed,1.0,11,24,10,12.0,24,11.0,4,13.0,4,31.0,0,,0,,2,15.0,0,,0,,0,,11.0,0.21853668920814528,12.0,0.07520256271362302,12.0,0.34817058556373875,13.0,0.12140868297816221,11.0,0.21853668920814528,2.564873818382653,11.52061412871651,7.105427357601002e-15,0,10032,9868,9868
b04_delayed_3.0,4,delayed,3.0,11,24,10,12.0,24,11.0,4,13.0,4,31.0,0,,0,,2,15.0,0,,0,,0,,11.0,0.44620797157287595,12.0,0.07520256271362302,12.0,0.3432267721044225,13.0,0.13143613681890853,11.0,0.44620797157287595,2.5749012722233995,11.52061412871651,3.552713678800501e-15,0,10032,9868,9868
b04_localized_1.0,4,localized,1.0,10,12,1,13.0,7,11.0,0,,0,,0,,0,,3,14.0,0,,0,,0,,11.0,0.4182242151357237,13.0,0.1907746892993959,11.0,0.8601608128159426,11.0,0.20632712952723065,11.0,0.4182242151357237,1.9655858222383327,11.517163717276535,8.881784197001252e-15,0,10032,9868,9868
b04_localized_3.0,4,localized,3.0,10,12,1,13.0,7,11.0,0,,0,,0,,0,,8,14.0,0,,0,,0,,11.0,1.254672645407171,13.0,0.5723240678981878,11.0,2.5804824384478264,11.0,0.6128934754305053,11.0,1.254672645407171,3.6859074478702167,11.510262894396588,2.6645352591003757e-15,0,10032,9868,9868
b04_ramp_1.0,4,ramp,1.0,11,24,3,21.0,18,12.0,1,21.0,0,,0,,0,,9,19.0,0,,0,,0,,12.0,0.19632222308597677,21.0,0.19632222308597677,13.0,0.5021949097792469,13.0,0.1518769102204498,12.0,0.19632222308597677,1.1665291029793496,11.52061412871651,3.552713678800501e-15,0,10032,9868,9868
b04_ramp_3.0,4,ramp,3.0,11,24,3,21.0,18,12.0,3,21.0,0,,0,,0,,19,16.0,0,,0,,0,,12.0,0.5889666692579303,21.0,0.5889666692579303,13.0,1.6004009702576667,13.0,0.45563073066134585,12.0,0.5889666692579303,2.170918922537842,11.52061412871651,5.329070518200751e-15,0,10032,9868,9868
b04_regional_1.0,4,regional,1.0,7,20,20,7.0,20,7.0,20,7.0,20,7.0,0,,0,,17,7.0,0,,0,,0,,7.0,0.13802946327247098,7.0,0.12561691523506902,7.0,0.5967807409686456,7.0,0.37269892250414377,7.0,0.13802946327247098,13.634322659094709,11.634322659094709,5.329070518200751e-15,0,10032,9868,9868
b04_regional_3.0,4,regional,3.0,7,20,20,7.0,20,7.0,20,7.0,20,7.0,0,,0,,20,7.0,0,,0,,0,,7.0,0.41408838981741297,7.0,0.37685074570520705,7.0,1.790342222905926,7.0,0.9030390487053541,7.0,0.41408838981741297,13.861739719851107,11.861739719851107,1.0658141036401503e-14,0,10032,9868,9868
b04_sensor_fault_3.0,4,sensor_fault,3.0,7,12,4,7.0,10,7.0,4,7.0,0,,0,,0,,10,7.0,0,,0,,0,,7.0,1.126856145675104,7.0,0.7714593760337887,7.0,2.8327023093810073,7.0,1.6371314580624998,7.0,1.126856145675104,3.1064386323961033,11.475843314591254,2.6645352591003757e-15,0,10032,9868,9868
b05_none_0.0,5,none,0.0,9,0,0,,0,,0,,0,,0,,0,,0,,0,,0,,0,,,0.0,,0.0,,0.0,,0.0,,0.0,0.0,0.0,8.43769498715119e-15,0,10032,9853,9853
b05_cancel_approx_1.0,5,cancel_approx,1.0,8,24,13,8.0,21,8.0,7,11.0,0,,0,,0,,1,16.0,0,,0,,0,,8.0,0.1963815418176751,8.0,0.09679999947547913,8.0,0.9854296597719105,9.0,0.03443496862582052,8.0,0.1963815418176751,1.0543198533509386,11.044651233941646,7.105427357601002e-15,0,10032,9853,9853
b05_cancel_approx_3.0,5,cancel_approx,3.0,8,24,13,8.0,21,8.0,6,11.0,0,,0,,0,,5,16.0,0,,0,,0,,8.0,0.5608000159263611,8.0,0.22067448479037555,8.0,2.294109298757644,9.0,0.4925480740640037,8.0,0.5608000159263611,2.4882988467259524,11.045022275918791,5.329070518200751e-15,0,10032,9853,9853
b05_cancel_exact_1.0,5,cancel_exact,1.0,7,24,9,7.0,21,7.0,3,15.0,1,8.0,0,,0,,0,,0,,0,,0,,7.0,0.1899982774616481,7.0,0.1500506685381907,7.0,0.9915821778730616,,5.773159728050814e-15,7.0,0.1899982774616481,1.0253354822238245,11.045026700578306,7.993605777301127e-15,0,10032,9853,9853
b05_cancel_exact_3.0,5,cancel_exact,3.0,7,24,9,7.0,21,7.0,4,15.0,1,8.0,0,,0,,6,25.0,0,,0,,0,,7.0,0.3950786112912945,7.0,0.26022039933619334,7.0,2.632963407374625,25.0,0.8025211410050721,7.0,0.3950786112912945,2.8025211410050717,11.045026700578305,7.993605777301127e-15,0,10032,9853,9853
b05_delayed_1.0,5,delayed,1.0,7,24,11,8.0,24,7.0,5,8.0,1,26.0,0,,0,,11,19.0,0,,0,,0,,7.0,0.2514124786376953,8.0,0.04927999973297119,8.0,0.48755463304706487,9.0,0.052316440233196815,7.0,0.2514124786376953,7.980190531117149,11.042101121874596,1.0658141036401503e-14,0,10032,9853,9853
b05_delayed_3.0,5,delayed,3.0,7,24,11,8.0,24,7.0,5,8.0,1,26.0,0,,0,,11,19.0,0,,0,,0,,7.0,0.2514124786376953,8.0,0.04927999973297119,8.0,0.5812624664356647,9.0,0.06187254480408466,7.0,0.2514124786376953,7.979993760971619,11.041566736585793,3.9968028886505635e-15,0,10032,9853,9853
b05_localized_1.0,5,localized,1.0,9,12,6,10.0,11,9.0,3,10.0,0,,0,,0,,6,14.0,0,,0,,0,,9.0,0.42725169618958053,10.0,0.18203369901707034,10.0,0.9664535469121851,10.0,0.11553769004726216,9.0,0.42725169618958053,1.2435131869412899,10.214060151481645,6.661338147750939e-15,0,10032,9853,9853
b05_localized_3.0,5,localized,3.0,9,12,6,10.0,11,9.0,4,10.0,0,,0,,0,,6,14.0,0,,0,,0,,9.0,0.704800009727478,10.0,0.5461010970512112,10.0,1.517144003220805,10.0,0.17422918266877246,9.0,0.704800009727478,1.801250375075695,10.214060151481645,4.440892098500626e-15,0,10032,9853,9853
b05_ramp_1.0,5,ramp,1.0,11,24,10,12.0,21,12.0,3,12.0,4,12.0,0,,0,,14,19.0,0,,0,,0,,12.0,0.2697487209077829,12.0,0.22928641277161543,12.0,1.0340603235983958,13.0,0.6824164242049366,12.0,0.2697487209077829,2.658217110068837,11.054679408436346,6.217248937900877e-15,0,10032,9853,9853
b05_ramp_3.0,5,ramp,3.0,11,24,10,12.0,21,12.0,4,12.0,4,12.0,0,,0,,18,17.0,0,,0,,0,,12.0,0.8092461627233485,12.0,0.6878592383148461,12.0,2.3287944418591247,13.0,2.413190098677085,12.0,0.8092461627233485,4.210746737974921,11.073984824152417,7.993605777301127e-15,0,10032,9853,9853
b05_regional_1.0,5,regional,1.0,10,12,12,10.0,12,10.0,12,10.0,12,10.0,0,,0,,8,14.0,0,,0,,0,,10.0,0.12561691523506902,10.0,0.12561691523506902,10.0,0.5640405727790033,10.0,0.3486854999547795,10.0,0.12561691523506902,9.970031243985755,9.678703415738651,6.217248937900877e-15,0,10032,9853,9853
b05_regional_3.0,5,regional,3.0,10,12,12,10.0,12,10.0,12,10.0,12,10.0,0,,0,,12,10.0,0,,0,,0,,10.0,0.37685074570520705,10.0,0.37685074570520705,10.0,1.7216895386815116,10.0,1.0460564998643278,10.0,0.37685074570520705,10.160440511951732,9.72943200670868,7.105427357601002e-15,0,10032,9853,9853
b05_sensor_fault_3.0,5,sensor_fault,3.0,8,12,5,9.0,11,8.0,5,9.0,0,,0,,0,,11,9.0,0,,0,,0,,8.0,1.6505431691871886,9.0,1.1710939675524727,9.0,2.7393486712555615,9.0,2.893265457481694,8.0,1.6505431691871886,4.7234128232865125,10.322169390679983,7.105427357601002e-15,0,10032,9853,9853
b06_none_0.0,6,none,0.0,9,0,0,,0,,0,,0,,0,,0,,0,,0,,0,,0,,,0.0,,0.0,,0.0,,0.0,,0.0,0.0,0.0,1.0658141036401503e-14,0,10032,9789,9789
b06_cancel_approx_1.0,6,cancel_approx,1.0,7,24,11,7.0,21,7.0,9,7.0,2,22.0,0,,0,,19,9.0,0,,0,,0,,7.0,0.22012126684849842,7.0,0.19312867066830974,7.0,0.9905364817974607,8.0,0.5281166229722407,7.0,0.22012126684849842,3.1063039053864454,11.025888638596367,1.0658141036401503e-14,0,10032,9789,9789
b06_cancel_approx_3.0,6,cancel_approx,3.0,7,24,11,7.0,21,7.0,10,7.0,2,22.0,0,,0,,23,8.0,0,,0,,0,,7.0,0.6603638005454953,7.0,0.35920000076293945,7.0,2.5992496290224087,8.0,2.198256953467177,7.0,0.6603638005454953,3.814498001649232,11.013114629603734,8.881784197001252e-15,0,10032,9789,9789
b06_cancel_exact_1.0,6,cancel_exact,1.0,7,24,9,11.0,23,7.0,7,11.0,9,9.0,0,,0,,8,17.0,0,,0,,0,,7.0,0.22098299650694275,11.0,0.22098299650694275,11.0,0.9874734609141185,13.0,1.30021597777748,7.0,0.22098299650694275,5.639272082152852,11.04265420407348,1.0658141036401503e-14,0,10032,9789,9789
b06_cancel_exact_3.0,6,cancel_exact,3.0,7,24,9,11.0,23,7.0,8,11.0,9,9.0,0,,0,,8,17.0,0,,0,,0,,7.0,0.5935676857475931,11.0,0.5350461352024942,11.0,2.962420382742359,13.0,3.237675520991897,7.0,0.5935676857475931,5.30877017555344,11.04265420407348,1.0658141036401503e-14,0,10032,9789,9789
b06_delayed_1.0,6,delayed,1.0,9,24,11,9.0,24,9.0,7,9.0,0,,0,,0,,4,17.0,0,,0,,0,,9.0,0.22717160744939324,9.0,0.13435212736088797,9.0,0.7209928947385162,11.0,0.05781964069254819,9.0,0.22717160744939324,2.400749459315698,11.008057490723983,7.993605777301127e-15,0,10032,9789,9789
b06_delayed_3.0,6,delayed,3.0,9,24,11,9.0,24,9.0,8,9.0,0,,0,,0,,9,16.0,0,,0,,0,,9.0,0.44107513946644517,9.0,0.40305638208266403,9.0,2.19431041223116,11.0,0.10840723552814602,9.0,0.44107513946644517,3.874066976808342,10.981481748356453,7.993605777301127e-15,0,10032,9789,9789
b06_localized_1.0,6,localized,1.0,9,12,2,15.0,8,9.0,0,,4,9.0,0,,0,,4,15.0,0,,0,,0,,9.0,0.3889740973636193,15.0,0.04618472233389834,10.0,0.8661524070203167,10.0,0.16458157712182975,9.0,0.3889740973636193,0.9167448875336436,7.261962978837307,6.217248937900877e-15,0,10032,9789,9789
b06_localized_3.0,6,localized,3.0,9,12,2,15.0,8,9.0,2,15.0,7,9.0,0,,0,,7,14.0,0,,0,,0,,9.0,1.1669222920908577,15.0,0.138554167001695,10.0,2.8008271431142577,10.0,1.4763252565464868,9.0,1.1669222920908577,2.8514196236275846,7.218664393888241,8.881784197001252e-15,0,10032,9789,9789
b06_ramp_1.0,6,ramp,1.0,11,24,7,15.0,21,12.0,2,15.0,0,,0,,0,,15,20.0,0,,0,,0,,12.0,0.30414345961487355,15.0,0.23172761063753478,13.0,0.6704080450058638,13.0,0.07213030320547187,12.0,0.30414345961487355,2.000694448806769,11.06538294579411,1.0658141036401503e-14,0,10032,9789,9789
b06_ramp_3.0,6,ramp,3.0,11,24,7,15.0,21,12.0,3,21.0,0,,0,,0,,19,16.0,0,,0,,0,,12.0,0.9124303788446211,15.0,0.6951828319126045,13.0,2.011224135017593,13.0,1.2847849602080117,12.0,0.9124303788446211,3.341510538818498,11.110840429235388,1.5987211554602254e-14,0,10032,9789,9789
b06_regional_1.0,6,regional,1.0,11,12,12,11.0,12,11.0,12,11.0,12,11.0,0,,0,,10,13.0,0,,0,,0,,11.0,0.12561691523506902,11.0,0.12561691523506902,11.0,0.5858870692384003,11.0,0.4007706261480921,11.0,0.12561691523506902,6.204933040492601,7.134467813229113,9.325873406851315e-15,0,10032,9789,9789
b06_regional_3.0,6,regional,3.0,11,12,12,11.0,12,11.0,12,11.0,12,11.0,0,,0,,11,12.0,0,,0,,0,,11.0,0.37685074570520705,11.0,0.37685074570520705,11.0,1.2176989889911105,11.0,1.2023118784442541,11.0,0.37685074570520705,6.121194965854876,6.987481779641003,8.881784197001252e-15,0,10032,9789,9789
b06_sensor_fault_3.0,6,sensor_fault,3.0,9,20,5,9.0,15,9.0,5,9.0,1,18.0,0,,0,,19,9.0,0,,0,,0,,9.0,1.498189997458442,9.0,1.1106419824160356,9.0,2.8807456547125008,9.0,1.8014307293954022,9.0,1.498189997458442,3.9568484998271716,10.615775344154374,1.0658141036401503e-14,0,10032,9789,9789
b07_none_0.0,7,none,0.0,9,0,0,,0,,0,,0,,0,,0,,0,,0,,0,,0,,,0.0,,0.0,,0.0,,0.0,,0.0,0.0,0.0,3.552713678800501e-15,0,10032,9783,9783
b07_cancel_approx_1.0,7,cancel_approx,1.0,8,24,12,8.0,22,8.0,5,8.0,3,10.0,0,,2,19.0,0,,0,,0,,0,,8.0,0.29480541851686226,8.0,0.16582213945024843,8.0,0.6910705074665844,9.0,0.016123323380671906,8.0,0.29480541851686226,2.0191883252548735,19.220153126466823,5.329070518200751e-15,0,10032,9783,9783
b07_cancel_approx_3.0,7,cancel_approx,3.0,8,24,12,8.0,22,8.0,6,8.0,3,10.0,0,,2,19.0,0,,0,,0,,0,,8.0,0.36880001425743103,8.0,0.35264000892639163,8.0,1.7585453927460948,9.0,0.26655428774683987,8.0,0.36880001425743103,2.3670134393200897,19.217048571329062,3.1086244689504383e-15,0,10032,9783,9783
b07_cancel_exact_1.0,7,cancel_exact,1.0,8,24,13,11.0,24,8.0,7,11.0,0,,0,,2,19.0,0,,0,,0,,0,,8.0,0.2907171542167589,11.0,0.17983088568789984,11.0,0.9926196758519574,,2.220446049250313e-15,8.0,0.2907171542167589,1.4118772359327274,19.226954700870266,3.552713678800501e-15,0,10032,9783,9783
b07_cancel_exact_3.0,7,cancel_exact,3.0,8,24,13,11.0,24,8.0,8,11.0,0,,0,,2,19.0,0,,0,,0,,0,,8.0,0.6760000586509705,11.0,0.17999999225139618,11.0,1.4760576197576947,26.0,0.14086013784461437,8.0,0.6760000586509705,2.140860137844615,19.226954700870266,3.9968028886505635e-15,0,10032,9783,9783
b07_delayed_1.0,7,delayed,1.0,7,24,10,8.0,21,7.0,6,9.0,0,,0,,2,19.0,10,19.0,0,,0,,0,,7.0,0.18316648834839921,8.0,0.07523265538340773,8.0,0.6331946761047206,9.0,0.13305055547159306,7.0,0.18316648834839921,3.244749507937969,19.202352607408475,3.9968028886505635e-15,0,10032,9783,9783
b07_delayed_3.0,7,delayed,3.0,7,24,10,8.0,21,7.0,6,9.0,0,,0,,2,19.0,11,19.0,0,,0,,0,,7.0,0.4167180001293036,8.0,0.09512681765624997,8.0,1.2431580348539892,9.0,0.12432288808778758,7.0,0.4167180001293036,3.2360218405541636,19.182976714835874,7.105427357601002e-15,0,10032,9783,9783
b07_localized_1.0,7,localized,1.0,10,20,4,13.0,14,10.0,0,,0,,0,,2,19.0,1,29.0,0,,0,,0,,10.0,0.16884882367239307,13.0,0.10319999605417252,11.0,0.7770800486167972,13.0,0.09716205700569303,10.0,0.16884882367239307,2.1370865616913233,19.199141932428187,3.9968028886505635e-15,0,10032,9783,9783
b07_localized_3.0,7,localized,3.0,10,20,4,13.0,14,10.0,0,,0,,0,,2,19.0,1,29.0,0,,0,,0,,10.0,0.35760000348091125,13.0,0.10319999605417252,11.0,0.7665847218491739,13.0,0.12497244507588912,10.0,0.35760000348091125,2.1265912349237,19.192379202035085,5.329070518200751e-15,0,10032,9783,9783
b07_ramp_1.0,7,ramp,1.0,7,24,7,9.0,16,8.0,2,12.0,0,,0,,2,19.0,11,19.0,0,,0,,0,,8.0,0.20448874619597035,9.0,0.15383959139863387,9.0,0.9301912524423265,9.0,0.10143227305090141,8.0,0.20448874619597035,0.754791669194095,19.20463693037099,3.552713678800501e-15,0,10032,9783,9783
b07_ramp_3.0,7,ramp,3.0,7,24,7,9.0,16,8.0,3,12.0,0,,0,,2,19.0,12,19.0,0,,0,,0,,8.0,0.613466238587911,9.0,0.4615187741959016,9.0,2.424298533866545,9.0,0.3042968191527107,8.0,0.613466238587911,2.584222060150809,19.160001389372447,5.329070518200751e-15,0,10032,9783,9783
b07_regional_1.0,7,regional,1.0,7,12,12,7.0,12,7.0,12,7.0,12,7.0,0,,0,,11,8.0,0,,0,,0,,7.0,0.13802946327247098,7.0,0.09042586508797168,7.0,0.5947331557089742,7.0,0.2633158509772253,7.0,0.13802946327247098,4.042165642187376,2.4186222980792866,7.549516567451064e-15,0,10032,9783,9783
b07_regional_3.0,7,regional,3.0,7,12,12,7.0,12,7.0,12,7.0,12,7.0,0,,0,,11,8.0,0,,0,,0,,7.0,0.41408838981741297,7.0,0.271277595263915,7.0,1.4624534774085534,7.0,0.7899475529316748,7.0,0.41408838981741297,4.223235569643449,2.661339495001593,5.329070518200751e-15,0,10032,9783,9783
b07_sensor_fault_3.0,7,sensor_fault,3.0,10,12,4,14.0,8,10.0,3,14.0,3,16.0,0,,2,19.0,7,14.0,0,,0,,0,,10.0,1.533675191410536,14.0,1.533675191410536,11.0,2.7163574356871205,13.0,3.0064108638912845,10.0,1.533675191410536,3.835000062325069,19.419235677453205,6.217248937900877e-15,0,10032,9783,9783
