origin,method,seconds,queries,complete_seconds,amortized_complete_seconds
0,gpu_cholesky_kernel,0.10919905919581652,16,,
0,gpu_pcg_kernel,0.34104880783706903,16,,
0,gpu_rjd_corrected_kernel,0.0057050250470638275,16,,
0,gpu_cholesky_cached,0.0008734213188290596,16,0.07955285347998142,
0,cpu_cholesky,0.022374923340976238,16,0.22775314562022686,0.5659204129187856
0,cpu_banded,0.0029319822788238525,16,0.20831020455807447,0.5464774718566332
0,cpu_information_smoother,0.024537493474781513,16,0.22991571575403214,0.5680829830525909
0,cpu_pcg,0.11814845353364944,16,0.32352667581290007,0.6616939431114588
0,cpu_identity_corrected,0.2165793152526021,16,0.4219575375318527,0.7601248048304114
0,cpu_reference_eigen_corrected,0.14716309309005737,16,0.352541315369308,0.6912294007779565
0,cpu_rjd_corrected,0.14797633606940508,16,0.3533545583486557,0.6960932981746737
0,gpu_cholesky,0.1113872081041336,16,0.3167654303833842,0.7017269631905947
0,gpu_pcg,0.3737599728628993,16,0.5791381951421499,0.9640997279493604
0,gpu_rjd_corrected,0.1113202990964055,16,0.31669852137565613,0.7062315267103259
0,cpu_cholesky_cached,0.004745124839246273,16,0.11686226539313793,
1,gpu_cholesky_kernel,0.0023382967337965965,16,,
1,gpu_pcg_kernel,0.16590590309351683,16,,
1,gpu_rjd_corrected_kernel,0.029313177801668644,16,,
1,gpu_cholesky_cached,0.0005654245615005493,16,0.07126894406974316,
1,cpu_cholesky,0.015143593773245811,16,0.21644995640963316,0.5546172237081919
1,cpu_banded,0.00274688471108675,16,0.2040532473474741,0.5422205146460328
1,cpu_information_smoother,0.02178569044917822,16,0.22309205308556557,0.5612593203841243
1,cpu_pcg,1.1890699239447713,16,1.3903762865811586,1.7285435538797174
1,cpu_identity_corrected,1.5480992794036865,16,1.7494056420400739,2.0875729093386326
1,cpu_reference_eigen_corrected,0.5579183790832758,16,0.7592247417196631,1.0979128271283116
1,cpu_rjd_corrected,0.38243024703115225,16,0.5837366096675396,0.9264753494935576
1,gpu_cholesky,0.004199540242552757,16,0.2055059028789401,0.5904674356861506
1,gpu_pcg,0.20260194968432188,16,0.40390831232070923,0.7888698451279197
1,gpu_rjd_corrected,0.16799260303378105,16,0.3692989656701684,0.7588319710048381
1,cpu_cholesky_cached,0.004521375522017479,16,0.11214473936706781,
2,gpu_cholesky_kernel,0.0021890485659241676,16,,
2,gpu_pcg_kernel,0.17185298632830381,16,,
2,gpu_rjd_corrected_kernel,0.031383927911520004,16,,
2,gpu_cholesky_cached,0.0005531832575798035,16,0.06579309608787298,
2,cpu_cholesky,0.016929546371102333,16,0.21760538686066866,0.5557726541592274
2,cpu_banded,0.0026349537074565887,16,0.20331079419702291,0.5414780614955816
2,cpu_information_smoother,0.021464424207806587,16,0.2221402646973729,0.5603075319959316
2,cpu_pcg,1.1427636090666056,16,1.343439449556172,1.6816067168547306
2,cpu_identity_corrected,1.3898886311799288,16,1.590564471669495,1.9287317389680538
2,cpu_reference_eigen_corrected,0.5029967492446303,16,0.7036725897341967,1.0423606751428451
2,cpu_rjd_corrected,0.32211998011916876,16,0.5227958206087351,0.8655345604347531
2,gpu_cholesky,0.003913152031600475,16,0.2045889925211668,0.5895505253283773
2,gpu_pcg,0.2134122448042035,16,0.41408808529376984,0.7990496181009803
2,gpu_rjd_corrected,0.17455668933689594,16,0.37523252982646227,0.764765535161132
2,cpu_cholesky_cached,0.004713894799351692,16,0.109876474365592,
3,gpu_cholesky_kernel,0.0022852085530757904,16,,
3,gpu_pcg_kernel,0.16783573478460312,16,,
3,gpu_rjd_corrected_kernel,0.03322734963148832,16,,
3,gpu_cholesky_cached,0.0005988739430904388,16,0.07890367973595858,
3,cpu_cholesky,0.0166825195774436,16,0.224242951720953,0.5624102190195117
3,cpu_banded,0.0025307852774858475,16,0.21009121742099524,0.548258484719554
3,cpu_information_smoother,0.03227885905653238,16,0.23983929120004177,0.5780065584986005
3,cpu_pcg,1.1765510942786932,16,1.3841115264222026,1.7222787937207613
3,cpu_identity_corrected,1.427240970544517,16,1.6348014026880264,1.9729686699865852
3,cpu_reference_eigen_corrected,0.5383791774511337,16,0.7459396095946431,1.0846276950032916
3,cpu_rjd_corrected,0.35664207953959703,16,0.5642025116831064,0.9069412515091244
3,gpu_cholesky,0.0038851918652653694,16,0.21144562400877476,0.5964071568159852
3,gpu_pcg,0.21318564657121897,16,0.42074607871472836,0.8057076115219388
3,gpu_rjd_corrected,0.17788974940776825,16,0.38545018155127764,0.7749831868859474
3,cpu_cholesky_cached,0.00403406098484993,16,0.1158065851777792,
4,gpu_cholesky_kernel,0.0022374484688043594,16,,
4,gpu_pcg_kernel,0.15437232423573732,16,,
4,gpu_rjd_corrected_kernel,0.023991498164832592,16,,
4,gpu_cholesky_cached,0.0005392255261540413,16,0.07484683021903038,
4,cpu_cholesky,0.01410625409334898,16,0.22009900119155645,0.5582662684901152
4,cpu_banded,0.002633415162563324,16,0.2086261622607708,0.5467934295593295
4,cpu_information_smoother,0.024164007045328617,16,0.2301567541435361,0.5683240214420948
4,cpu_pcg,1.2759714871644974,16,1.4819642342627048,1.8201315015612636
4,cpu_identity_corrected,1.5889949351549149,16,1.7949876822531223,2.133154949551681
4,cpu_reference_eigen_corrected,0.5038230801001191,16,0.7098158271983266,1.048503912606975
4,cpu_rjd_corrected,0.331557740457356,16,0.5375504875555634,0.8802892273815814
4,gpu_cholesky,0.004100200720131397,16,0.21009294781833887,0.5950544806255493
4,gpu_pcg,0.1984608005732298,16,0.40445354767143726,0.7894150804786477
4,gpu_rjd_corrected,0.1676536463201046,16,0.3736463934183121,0.7631793987529818
4,cpu_cholesky_cached,0.0039840927347540855,16,0.1180049255490303,
5,gpu_cholesky_kernel,0.002619304694235325,16,,
5,gpu_pcg_kernel,0.15534307435154915,16,,
5,gpu_rjd_corrected_kernel,0.030258099548518658,16,,
5,gpu_cholesky_cached,0.0005941940471529961,16,0.07299406733363867,
5,cpu_cholesky,0.013642438687384129,16,0.21447642613202333,0.5526436934305821
5,cpu_banded,0.002802613191306591,16,0.2036366006359458,0.5418038679345045
5,cpu_information_smoother,0.022555002942681313,16,0.22338899038732052,0.5615562576858792
5,cpu_pcg,1.5556071260944009,16,1.75644111353904,2.094608380837599
5,cpu_identity_corrected,1.82582638412714,16,2.0266603715717793,2.364827638870338
5,cpu_reference_eigen_corrected,0.6378697799518704,16,0.8387037673965096,1.1773918528051581
5,cpu_rjd_corrected,0.41777340043336153,16,0.6186073878780007,0.9613461277040187
5,gpu_cholesky,0.004815133288502693,16,0.2056491207331419,0.5906106535403524
5,gpu_pcg,0.19182693492621183,16,0.39266092237085104,0.7776224551780615
5,gpu_rjd_corrected,0.17839691415429115,16,0.37923090159893036,0.7687639069336001
5,cpu_cholesky_cached,0.004531256854534149,16,0.11047016736119986,
6,gpu_cholesky_kernel,0.0022262092679739,16,,
6,gpu_pcg_kernel,0.13953902758657932,16,,
6,gpu_rjd_corrected_kernel,0.025541524402797222,16,,
6,gpu_cholesky_cached,0.0005437545478343964,16,0.0682551134377718,
6,cpu_cholesky,0.014870907180011272,16,0.2076048031449318,0.5457720704434905
6,cpu_banded,0.002901720814406872,16,0.1956356167793274,0.5338028840778861
6,cpu_information_smoother,0.023897280916571617,16,0.21663117688149214,0.5547984441800509
6,cpu_pcg,1.6396078877151012,16,1.8323417836800218,2.1705090509785805
6,cpu_identity_corrected,1.842292906716466,16,2.0350268026813865,2.373194069979945
6,cpu_reference_eigen_corrected,0.6536532491445541,16,0.8463871451094747,1.1850752305181231
6,cpu_rjd_corrected,0.37920166924595833,16,0.5719355652108788,0.9146743050368968
6,gpu_cholesky,0.0038383333012461662,16,0.1965722292661667,0.5815337620733771
6,gpu_pcg,0.18066381104290485,16,0.3733977070078254,0.7583592398150358
6,gpu_rjd_corrected,0.15414755512028933,16,0.34688145108520985,0.7364144564198796
6,cpu_cholesky_cached,0.004573025740683079,16,0.10443924553692341,
7,gpu_cholesky_kernel,0.0022857580333948135,16,,
7,gpu_pcg_kernel,0.14336842019110918,16,,
7,gpu_rjd_corrected_kernel,0.02443926502019167,16,,
7,gpu_cholesky_cached,0.0005526943132281303,16,0.06511633284389973,
7,cpu_cholesky,0.014291682280600071,16,0.19725125189870596,0.5354185191972647
7,cpu_banded,0.002596525475382805,16,0.1855560950934887,0.5237233623920474
7,cpu_information_smoother,0.02205903735011816,16,0.20501860696822405,0.5431858742667828
7,cpu_pcg,1.06571433134377,16,1.248673900961876,1.5868411682604346
7,cpu_identity_corrected,1.2383482493460178,16,1.4213078189641237,1.7594750862626825
7,cpu_reference_eigen_corrected,0.4658805541694164,16,0.6488401237875223,0.9875282091961708
7,cpu_rjd_corrected,0.30905796587467194,16,0.4920175354927778,0.8347562753187958
7,gpu_cholesky,0.00402442179620266,16,0.18698399141430855,0.571945524221519
7,gpu_pcg,0.18753526452928782,16,0.3704948341473937,0.7554563669546042
7,gpu_rjd_corrected,0.15171070117503405,16,0.33467027079313993,0.7242032761278097
7,cpu_cholesky_cached,0.0045400457456707954,16,0.10144771263003349,
8,gpu_cholesky_kernel,0.0022295992821455,16,,
8,gpu_pcg_kernel,0.14292499423027039,16,,
8,gpu_rjd_corrected_kernel,0.025975940749049187,16,,
8,gpu_cholesky_cached,0.0005581649020314217,16,0.06572958640754223,
8,cpu_cholesky,0.014807826839387417,16,0.20454404037445784,0.5427113076730166
8,cpu_banded,0.0027478625997900963,16,0.19248407613486052,0.5306513434334192
8,cpu_information_smoother,0.023066729307174683,16,0.2128029428422451,0.5509702101408038
8,cpu_pcg,1.1969318194314837,16,1.3866680329665542,1.724835300265113
8,cpu_identity_corrected,1.3445105887949467,16,1.534246802330017,1.8724140696285758
8,cpu_reference_eigen_corrected,0.4864318687468767,16,0.6761680822819471,1.0148561676905956
8,cpu_rjd_corrected,0.32867338601499796,16,0.5184095995500684,0.8611483393760864
8,gpu_cholesky,0.004074401222169399,16,0.19381061475723982,0.5787721475644503
8,gpu_pcg,0.18304029665887356,16,0.372776510193944,0.7577380430011544
8,gpu_rjd_corrected,0.15501072630286217,16,0.3447469398379326,0.7342799451726023
8,cpu_cholesky_cached,0.005193120799958706,16,0.10454271454364061,
9,gpu_cholesky_kernel,0.002208208665251732,16,,
9,gpu_pcg_kernel,0.1424340894445777,16,,
9,gpu_rjd_corrected_kernel,0.025774012319743633,16,,
9,gpu_cholesky_cached,0.0005401754751801491,16,0.07171097956597805,
9,cpu_cholesky,0.015346642583608627,16,0.20644692052155733,0.5446141878201161
9,cpu_banded,0.00303089153021574,16,0.19413116946816444,0.5322984367667232
9,cpu_information_smoother,0.022083938121795654,16,0.21318421605974436,0.5513514833583031
9,cpu_pcg,1.1362846717238426,16,1.3273849496617913,1.66555221696035
9,cpu_identity_corrected,1.3644609646871686,16,1.5555612426251173,1.893728509923676
9,cpu_reference_eigen_corrected,0.48132017627358437,16,0.6724204542115331,1.0111085396201815
9,cpu_rjd_corrected,0.3176594031974673,16,0.508759681135416,0.851498420961434
9,gpu_cholesky,0.00582017470151186,16,0.19692045263946056,0.581881985446671
9,gpu_pcg,0.1884237863123417,16,0.3795240642502904,0.7644855970575009
9,gpu_rjd_corrected,0.16107665095478296,16,0.35217692889273167,0.7417099342274014
9,cpu_cholesky_cached,0.005037250928580761,16,0.10624667443335056,
10,gpu_cholesky_kernel,0.00225116778165102,16,,
10,gpu_pcg_kernel,0.1368938321247697,16,,
10,gpu_rjd_corrected_kernel,0.025486214086413383,16,,
10,gpu_cholesky_cached,0.0005403254181146622,16,0.06617873255163431,
10,cpu_cholesky,0.014643349684774876,16,0.2024080716073513,0.54057533890591
10,cpu_banded,0.002733662724494934,16,0.19049838464707136,0.5286656519456301
10,cpu_information_smoother,0.022017577663064003,16,0.20978229958564043,0.5479495668841992
10,cpu_pcg,1.1827759854495525,16,1.370540707372129,1.7087079746706877
10,cpu_identity_corrected,1.3807941675186157,16,1.5685588894411922,1.9067261567397509
10,cpu_reference_eigen_corrected,0.5058447699993849,16,0.6936094919219613,1.0322975773306098
10,cpu_rjd_corrected,0.34432067535817623,16,0.5320853972807527,0.8748241371067706
10,gpu_cholesky,0.004122629761695862,16,0.1918873516842723,0.5768488844914827
10,gpu_pcg,0.180790058337152,16,0.36855478025972843,0.7535163130669389
10,gpu_rjd_corrected,0.1551399864256382,16,0.3429047083482146,0.7324377136828844
10,cpu_cholesky_cached,0.00453091599047184,16,0.10226049460470676,
11,gpu_cholesky_kernel,0.002317877486348152,16,,
11,gpu_pcg_kernel,0.12683143932372332,16,,
11,gpu_rjd_corrected_kernel,0.023578152991831303,16,,
11,gpu_cholesky_cached,0.0005403747782111168,16,0.06655855942517519,
11,cpu_cholesky,0.014295482076704502,16,0.20016911253333092,0.5383363798318896
11,cpu_banded,0.002619815059006214,16,0.18849344551563263,0.5266607128141914
11,cpu_information_smoother,0.0217030206695199,16,0.20757665112614632,0.545743918424705
11,cpu_pcg,1.0369513779878616,16,1.222825008444488,1.5609922757430468
11,cpu_identity_corrected,1.2204308221116662,16,1.4063044525682926,1.7444717198668513
11,cpu_reference_eigen_corrected,0.43267239443957806,16,0.6185460248962045,0.957234110304853
11,cpu_rjd_corrected,0.27811700385063887,16,0.4639906343072653,0.8067293741332833
11,gpu_cholesky,0.003992793150246143,16,0.18986642360687256,0.574827956414083
11,gpu_pcg,0.16941383015364408,16,0.3552874606102705,0.740248993417481
11,gpu_rjd_corrected,0.13799239415675402,16,0.32386602461338043,0.7133990299480502
11,cpu_cholesky_cached,0.004483177326619625,16,0.1039824690669775,
12,gpu_cholesky_kernel,0.0022849179804325104,16,,
12,gpu_pcg_kernel,0.1424111295491457,16,,
12,gpu_rjd_corrected_kernel,0.02578920219093561,16,,
12,gpu_cholesky_cached,0.0005425047129392624,16,0.06561641860753298,
12,cpu_cholesky,0.015270723961293697,16,0.20437195245176554,0.5425392197503243
12,cpu_banded,0.0026849741116166115,16,0.19178620260208845,0.5299534699006472
12,cpu_information_smoother,0.02348566334694624,16,0.21258689183741808,0.5507541591359768
12,cpu_pcg,1.2056967439129949,16,1.3947979724034667,1.7329652397020254
12,cpu_identity_corrected,1.4365841411054134,16,1.6256853695958853,1.963852636894444
12,cpu_reference_eigen_corrected,0.5052563864737749,16,0.6943576149642467,1.0330457003728952
12,cpu_rjd_corrected,0.323478527367115,16,0.5125797558575869,0.8553184956836049
12,gpu_cholesky,0.004215489141643047,16,0.1933167176321149,0.5782782504393253
12,gpu_pcg,0.18218831904232502,16,0.37128954753279686,0.7562510803400073
12,gpu_rjd_corrected,0.15290508978068829,16,0.3420063182711601,0.7315393236058298
12,cpu_cholesky_cached,0.004823833703994751,16,0.10298093687742949,
13,gpu_cholesky_kernel,0.0022162776440382004,16,,
13,gpu_pcg_kernel,0.15624386630952358,16,,
13,gpu_rjd_corrected_kernel,0.025162777863442898,16,,
13,gpu_cholesky_cached,0.0005405247211456299,16,0.06925159133970737,
13,cpu_cholesky,0.01593209709972143,16,0.20786109939217567,0.5460283666907344
13,cpu_banded,0.003231438808143139,16,0.19516044110059738,0.5333277083991561
13,cpu_information_smoother,0.026055149734020233,16,0.21798415202647448,0.5561514193250332
13,cpu_pcg,1.1055270386859775,16,1.2974560409784317,1.6356233082769904
13,cpu_identity_corrected,1.4129408998414874,16,1.6048699021339417,1.9430371694325004
13,cpu_reference_eigen_corrected,0.49214303120970726,16,0.6840720335021615,1.02276011891081
13,cpu_rjd_corrected,0.3138298885896802,16,0.5057588908821344,0.8484976307081524
13,gpu_cholesky,0.004191698506474495,16,0.19612070079892874,0.5810822336061392
13,gpu_pcg,0.19906303379684687,16,0.3909920360893011,0.7759535688965116
13,gpu_rjd_corrected,0.15811957605183125,16,0.3500485783442855,0.7395815836789552
13,cpu_cholesky_cached,0.0057542044669389725,16,0.10759544372558594,
14,gpu_cholesky_kernel,0.002253797836601734,16,,
14,gpu_pcg_kernel,0.13302745018154383,16,,
14,gpu_rjd_corrected_kernel,0.023174786940217018,16,,
14,gpu_cholesky_cached,0.0005426239222288132,16,0.06971625797450542,
14,cpu_cholesky,0.015192342922091484,16,0.20524416398257017,0.5434114312811289
14,cpu_banded,0.0030193012207746506,16,0.19307112228125334,0.5312383895798121
14,cpu_information_smoother,0.024459834210574627,16,0.21451165527105331,0.552678922569612
14,cpu_pcg,1.1581357419490814,16,1.34818756300956,1.6863548303081188
14,cpu_identity_corrected,1.3001702027395368,16,1.4902220238000154,1.8283892910985742
14,cpu_reference_eigen_corrected,0.46720370184630156,16,0.6572555229067802,0.9959436083154287
14,cpu_rjd_corrected,0.27452691923826933,16,0.464578740298748,0.807317480124766
14,gpu_cholesky,0.003980070352554321,16,0.194031891413033,0.5789934242202435
14,gpu_pcg,0.17184535600245,16,0.3618971770629287,0.7468587098701391
14,gpu_rjd_corrected,0.13180752098560333,16,0.321859342046082,0.7113923473807517
14,cpu_cholesky_cached,0.0046939849853515625,16,0.10565352346748114,
15,gpu_cholesky_kernel,0.0023334380239248276,16,,
15,gpu_pcg_kernel,0.1537724593654275,16,,
15,gpu_rjd_corrected_kernel,0.026301076635718346,16,,
15,gpu_cholesky_cached,0.0005712453275918961,16,0.06414586119353771,
15,cpu_cholesky,0.014891437254846096,16,0.20204966515302658,0.5402169324515853
15,cpu_banded,0.002752954140305519,16,0.189911182038486,0.5280784493370447
15,cpu_information_smoother,0.021245894953608513,16,0.208404122851789,0.5465713901503477
15,cpu_pcg,1.1083434913307428,16,1.2955017192289233,1.633668986527482
15,cpu_identity_corrected,1.2830222100019455,16,1.470180437900126,1.8083477051986847
15,cpu_reference_eigen_corrected,0.46580579690635204,16,0.6529640248045325,0.991652110213181
15,cpu_rjd_corrected,0.2996427761390805,16,0.486801004037261,0.829539743863279
15,gpu_cholesky,0.004174628295004368,16,0.19133285619318485,0.5762943890003953
15,gpu_pcg,0.19459703657776117,16,0.38175526447594166,0.7667167972831521
15,gpu_rjd_corrected,0.13789726234972477,16,0.32505549024790525,0.714588495582575
15,cpu_cholesky_cached,0.004181940108537674,16,0.10202352702617645,
16,gpu_cholesky_kernel,0.0024437764659523964,16,,
16,gpu_pcg_kernel,0.14033355936408043,16,,
16,gpu_rjd_corrected_kernel,0.027788612060248852,16,,
16,gpu_cholesky_cached,0.0005801450461149216,16,0.06885656900703907,
16,cpu_cholesky,0.013238182291388512,16,0.20717810653150082,0.5453453738300595
16,cpu_banded,0.0025991545990109444,16,0.19653907883912325,0.534706346137682
16,cpu_information_smoother,0.02269326150417328,16,0.21663318574428558,0.5548004530428443
16,cpu_pcg,1.2947819977998734,16,1.4887219220399857,1.8268891893385444
16,cpu_identity_corrected,1.7213203515857458,16,1.9152602758258581,2.253427543124417
16,cpu_reference_eigen_corrected,0.5548792593181133,16,0.7488191835582256,1.087507268966874
16,cpu_rjd_corrected,0.37232949770987034,16,0.5662694219499826,0.9090081617760006
16,gpu_cholesky,0.004652896896004677,16,0.19859282113611698,0.5835543539433274
16,gpu_pcg,0.18185777962207794,16,0.37579770386219025,0.7607592366694007
16,gpu_rjd_corrected,0.16676928661763668,16,0.360709210857749,0.7502422161924187
16,cpu_cholesky_cached,0.003991222009062767,16,0.10499876085668802,
17,gpu_cholesky_kernel,0.0024582771584391594,16,,
17,gpu_pcg_kernel,0.14852894004434347,16,,
17,gpu_rjd_corrected_kernel,0.028503505513072014,16,,
17,gpu_cholesky_cached,0.0005682138726115227,16,0.06890008505433798,
17,cpu_cholesky,0.017413903027772903,16,0.20802551601082087,0.5461927833093796
17,cpu_banded,0.0041257115080952644,16,0.19473732449114323,0.532904591789702
17,cpu_information_smoother,0.029076929204165936,16,0.2196885421872139,0.5578558094857726
17,cpu_pcg,1.130159110762179,16,1.3207707237452269,1.6589379910437856
17,cpu_identity_corrected,1.283459615893662,16,1.47407122887671,1.8122384961752687
17,cpu_reference_eigen_corrected,0.4597427835687995,16,0.6503543965518475,0.9890424819604959
17,cpu_rjd_corrected,0.3053679410368204,16,0.4959795540198684,0.8387182938458864
17,gpu_cholesky,0.0044834669679403305,16,0.1950950799509883,0.5800566127581988
17,gpu_pcg,0.1883926372975111,16,0.37900425028055906,0.7639657830877695
17,gpu_rjd_corrected,0.16101516038179398,16,0.35162677336484194,0.7411597786995117
17,cpu_cholesky_cached,0.005135261453688145,16,0.1055050939321518,
18,gpu_cholesky_kernel,0.002354196272790432,16,,
18,gpu_pcg_kernel,0.14859849028289318,16,,
18,gpu_rjd_corrected_kernel,0.025179008021950722,16,,
18,gpu_cholesky_cached,0.0005407845601439476,16,0.06746555957943201,
18,cpu_cholesky,0.013895247131586075,16,0.2086098026484251,0.5467770699469838
18,cpu_banded,0.0025914348661899567,16,0.19730599038302898,0.5354732576815877
18,cpu_information_smoother,0.02269010152667761,16,0.21740465704351664,0.5555719243420754
18,cpu_pcg,1.1872986014932394,16,1.3820131570100784,1.7201804243086372
18,cpu_identity_corrected,1.3872575061395764,16,1.5819720616564155,1.9201393289549742
18,cpu_reference_eigen_corrected,0.4962179409340024,16,0.6909324964508414,1.02962058185949
18,cpu_rjd_corrected,0.3122833725064993,16,0.5069979280233383,0.8497366678493563
18,gpu_cholesky,0.004309248179197311,16,0.19902380369603634,0.5839853365032468
18,gpu_pcg,0.18703898042440414,16,0.38175353594124317,0.7667150687484536
18,gpu_rjd_corrected,0.15496910829097033,16,0.34968366380780935,0.7392166691424791
18,cpu_cholesky_cached,0.0040270620957016945,16,0.1039127092808485,
19,gpu_cholesky_kernel,0.002228577621281147,16,,
19,gpu_pcg_kernel,0.1435924069955945,16,,
19,gpu_rjd_corrected_kernel,0.024098708294332027,16,,
19,gpu_cholesky_cached,0.0005385847762227058,16,0.06935311388224363,
19,cpu_cholesky,0.01523115299642086,16,0.20488833915442228,0.543055606452981
19,cpu_banded,0.0027526933699846268,16,0.19240987952798605,0.5305771468265448
19,cpu_information_smoother,0.02326180599629879,16,0.2129189921543002,0.5510862594528589
19,cpu_pcg,1.1375643406063318,16,1.3272215267643332,1.665388794062892
19,cpu_identity_corrected,1.336293046362698,16,1.5259502325206995,1.8641174998192582
19,cpu_reference_eigen_corrected,0.47639995627105236,16,0.6660571424290538,1.0047452278377023
19,cpu_rjd_corrected,0.30175509583204985,16,0.49141228199005127,0.8341510218160693
19,gpu_cholesky,0.00407050084322691,16,0.19372768700122833,0.5786892198084388
19,gpu_pcg,0.1830461286008358,16,0.3727033147588372,0.7576648475660477
19,gpu_rjd_corrected,0.15369590185582638,16,0.3433530880138278,0.7328860933484975
19,cpu_cholesky_cached,0.0053880177438259125,16,0.10637747682631016,
20,gpu_cholesky_kernel,0.0023810677230358124,16,,
20,gpu_pcg_kernel,0.15507329814136028,16,,
20,gpu_rjd_corrected_kernel,0.026607124134898186,16,,
20,gpu_cholesky_cached,0.0005593439564108849,16,0.0661227535456419,
20,cpu_cholesky,0.014743809588253498,16,0.20854761265218258,0.5467148799507413
20,cpu_banded,0.0033933278173208237,16,0.1971971308812499,0.5353643981798086
20,cpu_information_smoother,0.023586442694067955,16,0.21739024575799704,0.5555575130565558
20,cpu_pcg,1.1257473733276129,16,1.319551176391542,1.6577184436901007
20,cpu_identity_corrected,1.4678932800889015,16,1.6616970831528306,1.9998643504513893
20,cpu_reference_eigen_corrected,0.508888921700418,16,0.7026927247643471,1.0413808101729956
20,cpu_rjd_corrected,0.31269004940986633,16,0.5064938524737954,0.8492325922998134
20,gpu_cholesky,0.004200040362775326,16,0.1980038434267044,0.5829653762339149
20,gpu_pcg,0.19255078863352537,16,0.38635459169745445,0.7713161245046649
20,gpu_rjd_corrected,0.15242014452815056,16,0.34622394759207964,0.7357569529267494
20,cpu_cholesky_cached,0.004373878240585327,16,0.1043846346437931,
21,gpu_cholesky_kernel,0.0021901289001107216,16,,
21,gpu_pcg_kernel,0.15336663369089365,16,,
21,gpu_rjd_corrected_kernel,0.02723844815045595,16,,
21,gpu_cholesky_cached,0.0005361838266253471,16,0.07466734945774078,
21,cpu_cholesky,0.01645944081246853,16,0.2238020244985819,0.5619692917971406
21,cpu_banded,0.0028378926217556,16,0.21018047630786896,0.5483477436064277
21,cpu_information_smoother,0.025027738884091377,16,0.23237032257020473,0.5705375898687635
21,cpu_pcg,1.5304602682590485,16,1.7378028519451618,2.0759701192437205
21,cpu_identity_corrected,1.7039539190009236,16,1.911296502687037,2.2494637699855957
21,cpu_reference_eigen_corrected,0.46528187207877636,16,0.6726244557648897,1.0113125411735382
21,cpu_rjd_corrected,0.3069540746510029,16,0.5142966583371162,0.8570353981631342
21,gpu_cholesky,0.003896232694387436,16,0.2112388163805008,0.5962003491877113
21,gpu_pcg,0.19902928452938795,16,0.4063718682155013,0.7913334010227118
21,gpu_rjd_corrected,0.16245592571794987,16,0.3697985094040632,0.759331514738733
21,cpu_cholesky_cached,0.00552904698997736,16,0.1180551340803504,
22,gpu_cholesky_kernel,0.002427295781672001,16,,
22,gpu_pcg_kernel,0.14957945980131626,16,,
22,gpu_rjd_corrected_kernel,0.025892190635204315,16,,
22,gpu_cholesky_cached,0.0005470952019095421,16,0.0674967709928751,
22,cpu_cholesky,0.015849187970161438,16,0.20797079056501389,0.5461380578635726
22,cpu_banded,0.0029851216822862625,16,0.1951067242771387,0.5332739915756974
22,cpu_information_smoother,0.025335215963423252,16,0.2174568185582757,0.5556240858568344
22,cpu_pcg,1.2400428326800466,16,1.432164435274899,1.7703317025734577
22,cpu_identity_corrected,1.470584194175899,16,1.6627057967707515,2.00087306406931
22,cpu_reference_eigen_corrected,0.5626912834122777,16,0.7548128860071301,1.0935009714157786
22,cpu_rjd_corrected,0.376065069809556,16,0.5681866724044085,0.9109254122304264
22,gpu_cholesky,0.004491076804697514,16,0.19661267939954996,0.5815742122067604
22,gpu_pcg,0.18892521038651466,16,0.3810468129813671,0.7660083457885776
22,gpu_rjd_corrected,0.15718326531350613,16,0.3493048679083586,0.7388378732430283
22,cpu_cholesky_cached,0.004549737088382244,16,0.10465843509882689,
23,gpu_cholesky_kernel,0.00228921789675951,16,,
23,gpu_pcg_kernel,0.15562185179442167,16,,
23,gpu_rjd_corrected_kernel,0.025168398395180702,16,,
23,gpu_cholesky_cached,0.0005416544154286385,16,0.07139349263161421,
23,cpu_cholesky,0.016094825230538845,16,0.21120274625718594,0.5493700135557447
23,cpu_banded,0.003300068899989128,16,0.19840798992663622,0.536575257225195
23,cpu_information_smoother,0.022876990027725697,16,0.2179849110543728,0.5561521783529315
23,cpu_pcg,1.1140505457296968,16,1.3091584667563438,1.6473257340549026
23,cpu_identity_corrected,1.3732098825275898,16,1.5683178035542369,1.9064850708527956
23,cpu_reference_eigen_corrected,0.4979791073128581,16,0.6930870283395052,1.0317751137481537
23,cpu_rjd_corrected,0.3210613187402487,16,0.5161692397668958,0.8589079795929138
23,gpu_cholesky,0.0040884194895625114,16,0.1991963405162096,0.5841578733234201
23,gpu_pcg,0.19765538722276688,16,0.39276330824941397,0.7777248410566244
23,gpu_rjd_corrected,0.1662880191579461,16,0.3613959401845932,0.7509289455192629
23,cpu_cholesky_cached,0.004946961998939514,16,0.10940463654696941,
24,gpu_cholesky_kernel,0.002416575327515602,16,,
24,gpu_pcg_kernel,0.14947933051735163,16,,
24,gpu_rjd_corrected_kernel,0.02696256060153246,16,,
24,gpu_cholesky_cached,0.0005697738379240036,16,0.07270796038210392,
24,cpu_cholesky,0.01389702595770359,16,0.21290130075067282,0.5510685680492315
24,cpu_banded,0.0025816047564148903,16,0.20158587954938412,0.5397531468479428
24,cpu_information_smoother,0.026597593910992146,16,0.22560186870396137,0.5637691360025201
24,cpu_pcg,1.5542168486863375,16,1.7532211234793067,2.0913883907778654
24,cpu_identity_corrected,1.7051971247419715,16,1.9042013995349407,2.2423686668334994
24,cpu_reference_eigen_corrected,0.5340376403182745,16,0.7330419151112437,1.0717300005198922
24,cpu_rjd_corrected,0.3749648202210665,16,0.5739690950140357,0.9167078348400537
24,gpu_cholesky,0.004754984751343727,16,0.20375925954431295,0.5887207923515234
24,gpu_pcg,0.18870833329856396,16,0.3877126080915332,0.7726741408987436
24,gpu_rjd_corrected,0.15676339156925678,16,0.355767666362226,0.7453006716968957
24,cpu_cholesky_cached,0.003952632658183575,16,0.10924777947366238,
25,gpu_cholesky_kernel,0.0022806981578469276,16,,
25,gpu_pcg_kernel,0.16333121806383133,16,,
25,gpu_rjd_corrected_kernel,0.028114520013332367,16,,
25,gpu_cholesky_cached,0.0005423352122306824,16,0.067277523688972,
25,cpu_cholesky,0.019612430594861507,16,0.2123140562325716,0.5504813235311303
25,cpu_banded,0.004273869097232819,16,0.1969754947349429,0.5351427620335016
25,cpu_information_smoother,0.029749292880296707,16,0.2224509185180068,0.5606181858165655
25,cpu_pcg,1.5311423316597939,16,1.723843957297504,2.0620112245960627
25,cpu_identity_corrected,1.7878455789759755,16,1.9805472046136856,2.3187144719122443
25,cpu_reference_eigen_corrected,0.5782783133909106,16,0.7709799390286207,1.1096680244372692
25,cpu_rjd_corrected,0.3566423850134015,16,0.5493440106511116,0.8920827504771296
25,gpu_cholesky,0.003928981721401215,16,0.1966306073591113,0.5815921401663218
25,gpu_pcg,0.20382729824632406,16,0.39652892388403416,0.7814904566912446
25,gpu_rjd_corrected,0.1680632121860981,16,0.3607648378238082,0.7502978431584779
25,cpu_cholesky_cached,0.005889412946999073,16,0.1066153533756733,
26,gpu_cholesky_kernel,0.002209179103374481,16,,
26,gpu_pcg_kernel,0.1619047410786152,16,,
26,gpu_rjd_corrected_kernel,0.029928592033684254,16,,
26,gpu_cholesky_cached,0.0005450844764709473,16,0.07074782811105251,
26,cpu_cholesky,0.01755883079022169,16,0.2145354263484478,0.5527026936470065
26,cpu_banded,0.004124141298234463,16,0.20110073685646057,0.5392680041550193
26,cpu_information_smoother,0.02706015855073929,16,0.2240367541089654,0.5622040214075241
26,cpu_pcg,1.6781471958383918,16,1.875123791396618,2.2132910586951766
26,cpu_identity_corrected,1.5715557811781764,16,1.7685323767364025,2.1066996440349612
26,cpu_reference_eigen_corrected,0.5309140598401427,16,0.7278906553983688,1.0665787408070173
26,cpu_rjd_corrected,0.3819730840623379,16,0.578949679620564,0.921688419446582
26,gpu_cholesky,0.0038900021463632584,16,0.20086659770458937,0.5858281305117998
26,gpu_pcg,0.20079320669174194,16,0.39776980224996805,0.7827313350571785
26,gpu_rjd_corrected,0.15235528349876404,16,0.34933187905699015,0.7388648843916599
26,cpu_cholesky_cached,0.00592840276658535,16,0.1085165562108159,
27,gpu_cholesky_kernel,0.0023941174149513245,16,,
27,gpu_pcg_kernel,0.14697114657610655,16,,
27,gpu_rjd_corrected_kernel,0.026699532754719257,16,,
27,gpu_cholesky_cached,0.0005847550928592682,16,0.07305177859961987,
27,cpu_cholesky,0.013270971365272999,16,0.20690894685685635,0.5450762141554151
27,cpu_banded,0.0026275143027305603,16,0.1962654897943139,0.5344327570928726
27,cpu_information_smoother,0.02360405307263136,16,0.2172420285642147,0.5554092958627734
27,cpu_pcg,1.3945363266393542,16,1.5881743021309376,1.9263415694294963
27,cpu_identity_corrected,1.7010174253955483,16,1.8946554008871317,2.2328226681856904
27,cpu_reference_eigen_corrected,0.5467470660805702,16,0.7403850415721536,1.079073126980802
27,cpu_rjd_corrected,0.338553249835968,16,0.5321912253275514,0.8749299651535694
27,gpu_cholesky,0.004494737833738327,16,0.19813271332532167,0.5830942461325321
27,gpu_pcg,0.19102583266794682,16,0.38466380815953016,0.7696253409667406
27,gpu_rjd_corrected,0.15724476799368858,16,0.35088274348527193,0.7404157488199417
27,cpu_cholesky_cached,0.0041596898809075356,16,0.10830988641828299,
28,gpu_cholesky_kernel,0.0024953866377472878,16,,
28,gpu_pcg_kernel,0.15032571274787188,16,,
28,gpu_rjd_corrected_kernel,0.025052348151803017,16,,
28,gpu_cholesky_cached,0.0005463035777211189,16,0.06621307041496038,
28,cpu_cholesky,0.015173254534602165,16,0.20347789209336042,0.5416451593919192
28,cpu_banded,0.0026411153376102448,16,0.1909457528963685,0.5291130201949272
28,cpu_information_smoother,0.022660231217741966,16,0.21096486877650023,0.549132136075059
28,cpu_pcg,1.1205328740179539,16,1.3088375115767121,1.6470047788752709
28,cpu_identity_corrected,1.33663784340024,16,1.5249424809589982,1.863109748257557
28,cpu_reference_eigen_corrected,0.4833285380154848,16,0.6716331755742431,1.0103212609828915
28,cpu_rjd_corrected,0.3157893782481551,16,0.5040940158069134,0.8468327556329314
28,gpu_cholesky,0.0046257562935352325,16,0.1929303938522935,0.577891926659504
28,gpu_pcg,0.19211750011891127,16,0.3804221376776695,0.76538367048488
28,gpu_rjd_corrected,0.15107122249901295,16,0.3393758600577712,0.7289088653924409
28,cpu_cholesky_cached,0.004246018826961517,16,0.10177497938275337,
29,gpu_cholesky_kernel,0.00222941767424345,16,,
29,gpu_pcg_kernel,0.14537709020078182,16,,
29,gpu_rjd_corrected_kernel,0.024989929050207138,16,,
29,gpu_cholesky_cached,0.0005406951531767845,16,0.06814973521977663,
29,cpu_cholesky,0.014338632114231586,16,0.20264459867030382,0.5408118659688625
29,cpu_banded,0.0026466241106390953,16,0.19095259066671133,0.5291198579652701
29,cpu_information_smoother,0.022450324147939682,16,0.21075629070401192,0.5489235580025706
29,cpu_pcg,1.1333563104271889,16,1.321662276983261,1.6598295442818198
29,cpu_identity_corrected,1.3411623006686568,16,1.529468267224729,1.8676355345232878
29,cpu_reference_eigen_corrected,0.474543702788651,16,0.6628496693447232,1.0015377547533717
29,cpu_rjd_corrected,0.3061260627582669,16,0.49443202931433916,0.8371707691403572
29,gpu_cholesky,0.0039222827181220055,16,0.19222824927419424,0.5771897820814047
29,gpu_pcg,0.19408963155001402,16,0.38239559810608625,0.7673571309132967
29,gpu_rjd_corrected,0.15781632252037525,16,0.3461222890764475,0.7356552944111172
29,cpu_cholesky_cached,0.004293319769203663,16,0.10475653223693371,
30,gpu_cholesky_kernel,0.002509615384042263,16,,
30,gpu_pcg_kernel,0.15847406443208456,16,,
30,gpu_rjd_corrected_kernel,0.02631052676588297,16,,
30,gpu_cholesky_cached,0.0005889851599931717,16,0.06618009321391582,
30,cpu_cholesky,0.01451205089688301,16,0.20896761864423752,0.5471348859427962
30,cpu_banded,0.0030236411839723587,16,0.19747920893132687,0.5356464762298856
30,cpu_information_smoother,0.023444144055247307,16,0.21789971180260181,0.5560669791011605
30,cpu_pcg,1.1183780450373888,16,1.3128336127847433,1.651000880083302
30,cpu_identity_corrected,1.3563921423628926,16,1.5508477101102471,1.8890149774088059
30,cpu_reference_eigen_corrected,0.49428528267890215,16,0.6887408504262567,1.0274289358349051
30,cpu_rjd_corrected,0.32235904689878225,16,0.5168146146461368,0.8595533544721548
30,gpu_cholesky,0.0043234871700406075,16,0.19877905491739511,0.5837405877246056
30,gpu_pcg,0.20296834502369165,16,0.39742391277104616,0.7823854455782566
30,gpu_rjd_corrected,0.1622941056266427,16,0.3567496733739972,0.7462826787086669
30,cpu_cholesky_cached,0.004301459528505802,16,0.10654608439654112,
31,gpu_cholesky_kernel,0.0022872379049658775,16,,
31,gpu_pcg_kernel,0.16594085283577442,16,,
31,gpu_rjd_corrected_kernel,0.027295527048408985,16,,
31,gpu_cholesky_cached,0.0005385950207710266,16,0.06868415977805853,
31,cpu_cholesky,0.018878668546676636,16,0.21335307881236076,0.5515203461109195
31,cpu_banded,0.0029746806249022484,16,0.19744909089058638,0.5356163581891451
31,cpu_information_smoother,0.021292406134307384,16,0.2157668163999915,0.5539340836985502
31,cpu_pcg,1.205862301401794,16,1.400336711667478,1.7385039789660368
31,cpu_identity_corrected,1.570953818038106,16,1.76542822830379,2.103595495602349
31,cpu_reference_eigen_corrected,0.56721196975559,16,0.7616863800212741,1.1003744654299226
31,cpu_rjd_corrected,0.36221642419695854,16,0.5566908344626427,0.8994295742886607
31,gpu_cholesky,0.003949272446334362,16,0.1984236827120185,0.583385215519229
31,gpu_pcg,0.2143868776038289,16,0.40886128786951303,0.7938228206767235
31,gpu_rjd_corrected,0.1734229838475585,16,0.3678973941132426,0.7574303994479124
31,cpu_cholesky_cached,0.00570855475962162,16,0.10774102341383696,
